EUROPEAN UNIVERSITY TIRANA,European University Of Tirana
Constantine [EXPANSION],Constantine
Ouargla [EXPANSION],Ouargla
RAU,RAU
Gyumri (closed),Gyumri
University of Antwerp (UA),UA
Luxembourg,University Of Luxembourg
AIESEC in UAC,UAC
COCHABAMBA UPB,Cochabamba
Brasília,Brasilia
CUIABÁ,Cuiaba
MACEIÓ,Maceio
SANTARÉM,Santarem
SÃO JOSÉ DO RIO PRETO,Sao Jose Do Rio Preto
VIÇOSA,Vicosa
VALE DO SÃO FRANCISCO,Vale Do Sao Francisco
BELÉM,Belem
Sofia University,Sofia University (Su)
Veliko Tarnovo,Veliko Turnovo
UNIVERSIDAD CATÓLICA  DE CHILE,Universidad Catolica - Chile
"-EI,SCNU",SCNU
"-EI,PKU",PKU
"-EI,SWUFE",SWUFE
"-EI,GZHU",GZHU
"-EI,JUFE",JUFE
"-EI,JXNU",JXNU
"-EI,SCU",SCU
"-EI,SDU",SDU
"-EI,SEU",SEU
"-EI,STU",STU
"-EI,THU",THU
"-AO,BLCU",BLCU
"-[Closed],DHU",DHU
"-EI,BFSU",BFSU
"-EI,CSU",CSU
"-EI,CUC",CUC
"-EI,CUEB",CUEB
"-EI,CUHK(SZ)",CUHK
"-EI,DMU",DMU
"-EI,DUT",DUT
"-EI,ECNU",ECNU
"-EI,GDUT",GDUT
"-EI,HUST",HUST
"-EI,SDUFE",SDUFE
"-EI,SZU",SZU
"-EI,TFSU",TFSU
"-EI,TJNU",TJNU
"-EI,UIC",UIC
"-EI,UM",UM
"-EI,WKU",WKU
"-EI,XMU",XMU
"-EI,ZUFE",ZUFE
"-SISU,JIANGNAN",SISU
"-EI,TUFE",TUFE
"-EI,SUFE",SUFE
"-EI,DUFL",DUFL
"-EI,CYU",CYU
"-EI,BUPT",DUPT
"-[Closed],TJUC",TJUC
"-[Closed],SDU(WH)",SDU
"-[Closed],HENU",HENU
"-AO,HZAU",HZAU
Popayan,Popayán
IBAGUÉ,IBague
Icesi (Cali),Cali
TULUA,Tuluá
Occidente,Occidente
Hradec Králové,Hradec Kralove
Zlín,ZLIN
ESPE,ESPE
SANTA ANA (closed),SANTA ANA
Helsingin Yliopisto,Helsingin Yliopisto
ESSEC - Expansion - CLOSED,ESSEC
Sciences Po Reims - Expansion,Sciences Po Paris
Nantes - Expansion,Nantes
Montpellier - Expansion,Montpellier
Clermont-Ferrand  - EXPANSION,Clermont-Ferrand
[closed Spring 2016] FREIBURG,Freiburg
AIESEC IN CUCG,CUCG
Pécs (PeX),Pex (Pécs)
IPMI International Business School,IPMI IBS
Tabriz (Official Expansion),Tabriz
Ahvaz (Expansion Initiative),Ahvaz
DCU (Expansion),DCU
Milano,Milano UniMi
OSAKA-CITY UNIVERSITY,Osaka City University
[EXPANSION] EKTU (Oskamenagosk),EKTU
SMU LC,"SMU, Korea"
Believers that Act to Create (BAC),Believe Act Create (BAC)
Bishkek Leaders of Today (BLT),Bishkek Leaders Of Tomorrow (BLT)
AIESEC in Kedah-Perlis,Kedah-Perlis
Ciudad Juárez,Ciudad Juarez
Querétaro,Queretaro
"Mérida, Yucatán","Merida, Yucatan"
León,Leon
Yangon Technological University,Yangon
Ongwediva (Expansion),Ongwediva
NUST (Expansion),NUST
Walvis Bay (Expansion),Walvis Bay
León (Nicaragua),Leon (Nicaragua)
UP (OFFICIAL EXTENSION),"UP, Panama"
ISTMO (OFFICIAL EXTENSION),ISTMO
VERAGUAS (EXPANSION),VERAGUAS
UNINORTE (Expansion Closed since December 2016),Uninorte (Expansion Since July)
Far Eastern University - Manila,Far Eastern University
Dasmariñas,Dasmariñas
Açores (Ilha de São Miguel),Acores
Mayagüez,Mayaguez
FINANCIAL UNIVERSITY (Moscow),Moscow
SITE Students or Graduates,"SITE, Seychelles"
Košice,Kosice
Banská Bystrica,Banska Bystrica
Málaga,Malaga
University Of Dar es Salaam (UDSM),University Of Dar Es Salaam(UDSM)
Rajamangala University of Technology Isan(RMUTI) (CLOSED),Rajamangala University Of Technology Isan(Rmuti)
DNIPRO,Dnipropetrovsk
Indiana State,Indiana
Ohio University,Ohio State
Kabul University,Kabul University
Kardan University,Kardan University
Adobe Connect,Adobe Connect
AIESEC International,AIESEC International
CAL,CAL
CSAL,CSAL
Americas,Americas
Asia Pacific,Asia Pacific
Europe,Europe
Global Expansions Board,Global Expansions Board
Global Finance Board,Global Finance Board
ICB,ICB
Middle East And Africa,Middle East And Africa
European University Of Tirana,European University Of Tirana
Tirana University,Tirana University
Babez,Babez
Benak,Benak
Blida,Blida
Constantine,Constantine
Oran,Oran
Ouargla,Ouargla
Argentina,Argentina
Barbados,Barbados
Bolivia,Bolivia
Brazil,Brazil
Canada,Canada
Chile,Chile
Colombia,Colombia
Costa Rica,Costa Rica
Dominican Republic,Dominican Republic
Ecuador,Ecuador
El Salvador,El Salvador
Guatemala,Guatemala
Mexico,Mexico
Nicaragua,Nicaragua
Panama,Panama
Paraguay,Paraguay
Peru,Peru
Puerto Rico,Puerto Rico
United States,United States
Uruguay,Uruguay
Venezuela,Venezuela
Bahía Blanca,Bahía Blanca
Buenos Aires,Buenos Aires
Buenos Aires Uba Fce,Buenos Aires Uba Fce
Buenos Aires Usal,Buenos Aires Usal
Comodoro Rivadavia,Comodoro Rivadavia
Córdoba,Córdoba
Expansions Argentina,Expansions Argentina
Jujuy,Jujuy
La Plata,La Plata
Lomas de Zamora,Lomas de Zamora
Mendoza,Mendoza
Misiones,Misiones
Neuquén,Neuquén
Nordeste,Nordeste
Rosario (Argentina),Rosario (Argentina)
Salta,Salta
San Juan Argentina,San Juan Argentina
Santa Fe,Santa Fe
Santiago del Estero,Santiago del Estero
Tucumán,Tucumán
Gyumri,Gyumri
Yerevan,Yerevan
Afghanistan,Afghanistan
Australia,Australia
Bangladesh,Bangladesh
Cambodia,Cambodia
"China, Mainland","China, Mainland"
Fiji,Fiji
Hong Kong,Hong Kong
India,India
Indonesia,Indonesia
Iran,Iran
Japan,Japan
Korea,Korea
Laos,Laos
Malaysia,Malaysia
Mongolia,Mongolia
Myanmar,Myanmar
Nepal,Nepal
New Zealand,New Zealand
Pakistan,Pakistan
Philippines,Philippines
Singapore,Singapore
Sri Lanka,Sri Lanka
Taiwan,Taiwan
Thailand,Thailand
Vietnam,Vietnam
Australian National University,Australian National University
Curtin,Curtin
Griffith University,Griffith University
Macquarie University,Macquarie University
Monash University,Monash University
Queensland University Of Technology,Queensland University Of Technology
Royal Melbourne Institute Of Technology,Royal Melbourne Institute Of Technology
South Australia,South Australia
University Of Melbourne,University Of Melbourne
University Of New South Wales,University Of New South Wales
University Of Queensland,University Of Queensland
University Of Sydney,University Of Sydney
"University of Technology, Sydney","University of Technology, Sydney"
University Of Western Australia,University Of Western Australia
Graz,Graz
Innsbruck,Innsbruck
Linz,Linz
Salzburg,Salzburg
Vienna Boku,Vienna Boku
Vienna Tu,Vienna Tu
Vienna UV,Vienna UV
Vienna WU,Vienna WU
Baku Ada,Baku Ada
Baku Synergy,Baku Synergy
Ganja,Ganja
Amwaj,Amwaj
Arados (Merged),Arados (Merged)
Manama,Manama
Muharraq,Muharraq
Skheer,Skheer
Dhaka,Dhaka
Bridgetown,Bridgetown
Minsk,Minsk
Campus Brussel,Campus Brussel
GENT,GENT
ICHEC,ICHEC
IHECS,IHECS
Leuven,Leuven
Limburg,Limburg
Louvain La Neuve,Louvain La Neuve
MONS,MONS
Saint-Louis,Saint-Louis
UA,UA
ULB,ULB
University Of Luxembourg,University Of Luxembourg
VUB,VUB
Benin Sus,Benin Sus
Eneam,Eneam
Ens Porto-Novo,Ens Porto-Novo
UAC,UAC
UATM Gasa Formation,UATM Gasa Formation
Cochabamba,Cochabamba
Error / Not An Lc,Error / Not An Lc
La Paz,La Paz
Oruro,Oruro
Santa Cruz,Santa Cruz
Sucre,Sucre
Tarija,Tarija
Banja Luka,Banja Luka
Biha?,Biha?
Isto?no Sarajevo,Isto?no Sarajevo
Mostar,Mostar
Sarajevo,Sarajevo
Gips,Gips
Limkokwing,Limkokwing
University Of Botswana,University Of Botswana
ABC,ABC
Aracaju,Aracaju
Balneário Camboriú,Balneário Camboriú
Bauru,Bauru
Belem,Belem
Belo Horizonte,Belo Horizonte
Blumenau,Blumenau
Brasilia,Brasilia
Campina Grande,Campina Grande
Campo Grande,Campo Grande
Chapecó,Chapecó
Cuiaba,Cuiaba
Curitiba,Curitiba
Espm,Espm
Florianopolis,Florianopolis
Fortaleza,Fortaleza
Franca,Franca
Getulio Vargas,Getulio Vargas
Goiania,Goiania
Insper,Insper
ITA,ITA
Itajuba,Itajuba
João Pessoa,João Pessoa
Joinville,Joinville
Limeira,Limeira
Londrina,Londrina
Maceio,Maceio
Mackenzie,Mackenzie
Manaus,Manaus
Maringá,Maringá
NATAL,NATAL
Pelotas,Pelotas
Porto Alegre,Porto Alegre
Puc Sp,Puc Sp
Recife,Recife
Ribeirao Preto,Ribeirao Preto
Rio De Janeiro,Rio De Janeiro
Salvador,Salvador
Santa Cruz Do Sul,Santa Cruz Do Sul
Santa Maria,Santa Maria
Santarem,Santarem
Santos (Baixada Santista),Santos (Baixada Santista)
São Carlos,São Carlos
Sao Jose Do Rio Preto,Sao Jose Do Rio Preto
Sorocaba,Sorocaba
Teresina,Teresina
Uberlandia,Uberlandia
USP,USP
Vale Do Sao Francisco,Vale Do Sao Francisco
Vicosa,Vicosa
Vitoria,Vitoria
Volta Redonda,Volta Redonda
Expansion At Blagoevgrad,Expansion At Blagoevgrad
Plovdiv,Plovdiv
Ruse,Ruse
Sofia University (Su),Sofia University (Su)
Sofia Unwe,Sofia Unwe
Varna,Varna
Veliko Turnovo,Veliko Turnovo
Universite De Koudougou,Universite De Koudougou
Universite De Ouagadougou,Universite De Ouagadougou
IFL,IFL
LUCT,LUCT
Phnom Penh,Phnom Penh
SU AUPP,SU AUPP
SU CMU,SU CMU
SU ITC,SU ITC
SU IU,SU IU
SU Norton,SU Norton
SU UC,SU UC
Wat Phnom,Wat Phnom
Bamenda,Bamenda
Buea,Buea
Douala The Change Makers,Douala The Change Makers
Dschang,Dschang
Yaounde,Yaounde
Calgary,Calgary
Carleton,Carleton
Concordia,Concordia
Edmonton,Edmonton
Guelph,Guelph
Halifax,Halifax
HEC,HEC
KPU,KPU
Laurier,Laurier
Laval,Laval
Manitoba,Manitoba
Mcgill,Mcgill
Mcmaster,Mcmaster
Memorial,Memorial
Moncton,Moncton
MRU,MRU
Oshawa,Oshawa
Ottawa,Ottawa
Queen'S,Queen'S
Ryerson,Ryerson
Saskatoon,Saskatoon
SFU,SFU
Sherbrooke,Sherbrooke
Toronto,Toronto
UBC,UBC
UQAM,UQAM
Victoria,Victoria
Waterloo,Waterloo
Western University (Uwo),Western University (Uwo)
Windsor,Windsor
York,York
Assomada,Assomada
Cidade Da Praia,Cidade Da Praia
Antofagasta,Antofagasta
Concepción,Concepción
Santiago - Chile,Santiago - Chile
Temuco,Temuco
U De Santiago,U De Santiago
UFSM,UFSM
Universidad Catolica - Chile,Universidad Catolica - Chile
Valparaiso,Valparaiso
AHU,AHU
BFSU,BFSU
BISU,BISU
BJTU,BJTU
BLCU,BLCU
BNUZ,BNUZ
BUAA,BUAA
BUPT,BUPT
CQU,CQU
CSU,CSU
CUC,CUC
CUEB,CUEB
CUFE,CUFE
CUHK(SZ),CUHK(SZ)
CYU,CYU
DMU,DMU
DUFE,DUFE
DUFL,DUFL
DUT,DUT
ECNU,ECNU
ECT,ECT
"ECT,CUEB","ECT,CUEB"
FDU,FDU
GDUFE,GDUFE
GDUFS,GDUFS
GDUT,GDUT
GZHU,GZHU
HIT,HIT
HUST,HUST
JLU,JLU
JNU,JNU
JUFE,JUFE
JXNU,JXNU
NAU,NAU
NJU,NJU
NKU,NKU
NNU,NNU
OUC,OUC
PKU,PKU
RUC,RUC
SCAU,SCAU
SCISU,SCISU
SCNU,SCNU
SCU,SCU
SCUT,SCUT
SDU - MoC,SDU - MoC
SDUFE,SDUFE
SEU,SEU
SISU,SISU
SJTU,SJTU
STU,STU
SUFE,SUFE
SUIBE,SUIBE
SWUFE,SWUFE
SYSU,SYSU
"SYSU,CUHK(SZ)","SYSU,CUHK(SZ)"
SZU,SZU
TFSU,TFSU
THU,THU
TJNU,TJNU
TJU,TJU
TUFE,TUFE
UIBE,UIBE
UIC,UIC
UM,UM
UNNC,UNNC
WHU,WHU
WKU,WKU
XISU,XISU
XJTLU,XJTLU
XJTU,XJTU
XMU,XMU
ZJU,ZJU
ZUEL,ZUEL
ZUFE,ZUFE
ZZU,ZZU
Andes,Andes
Bogota,Bogota
Bucaramanga,Bucaramanga
Cali,Cali
Cartagena,Cartagena
Central,Central
Cucuta,Cucuta
Eafit,Eafit
Ean,Ean
ECI,ECI
Externado,Externado
Florencia,Florencia
IBague,IBague
Javeriana,Javeriana
Javeriana Cali,Javeriana Cali
Manizales,Manizales
Mc Co,Mc Co
Monteria,Monteria
Neiva,Neiva
Pasto,Pasto
Pereira,Pereira
Popayán,Popayán
Riohacha,Riohacha
Rosario,Rosario
San Gil,San Gil
Santa Marta,Santa Marta
Sincelejo,Sincelejo
Tolima,Tolima
Tuluá,Tuluá
Tunja,Tunja
Udea,Udea
Uniatlantico,Uniatlantico
Uninorte,Uninorte
UPB,UPB
Valledupar,Valledupar
Villavicencio,Villavicencio
TEC,TEC
UCR,UCR
UNA,UNA
Abidjan Sud,Abidjan Sud
Bouake,Bouake
Cocody-Abidjan,Cocody-Abidjan
FUPA,FUPA
Korhogo,Korhogo
Osijek,Osijek
Pula,Pula
Rijeka,Rijeka
Split,Split
Varazdin,Varazdin
Zagreb,Zagreb
Brno,Brno
?eské Bud?jovice,?eské Bud?jovice
Cuni Praha,Cuni Praha
?zu Praha,?zu Praha
Hradec Kralove,Hradec Kralove
Karvina,Karvina
Liberec,Liberec
"Mc Czech Republic, Prague","Mc Czech Republic, Prague"
Olomouc,Olomouc
Ostrava,Ostrava
Pilsen,Pilsen
Prague,Prague
Praha,Praha
ZLIN,ZLIN
Aalborg,Aalborg
Aarhus,Aarhus
CBS,CBS
SDU,SDU
UNIC,UNIC
VIA,VIA
PUCMM,PUCMM
Santiago - Dominican Republic,Santiago - Dominican Republic
UNAPEC,UNAPEC
Ambato,Ambato
CUENCA,CUENCA
Expansiones,Expansiones
PUCE,PUCE
UCSG,UCSG
UDLA,UDLA
Universidades De Manabí,Universidades De Manabí
USFQ,USFQ
6Th October,6Th October
AAST Alexandria,AAST Alexandria
AAST In CAIRO,AAST In CAIRO
Ain Shams University,Ain Shams University
Alexandria,Alexandria
Assiut,Assiut
AUC,AUC
Beni Suef,Beni Suef
Cairo University,Cairo University
Damietta,Damietta
Fayoum,Fayoum
GUC,GUC
Helwan,Helwan
Luxor & Aswan,Luxor & Aswan
Mansoura,Mansoura
Menofia,Menofia
Minya,Minya
MIU,MIU
Sohag,Sohag
Suez,Suez
Tanta,Tanta
Zagazig,Zagazig
ECMH,ECMH
ESEN,ESEN
MATÍAS,MATÍAS
SANTA ANA,SANTA ANA
UCA,UCA
UES,UES
UFG,UFG
Mc Estonia,Mc Estonia
TARTU,TARTU
TLU (Tallinn University),TLU (Tallinn University)
TUT,TUT
AAU In Ethiopia,AAU In Ethiopia
Eiabc,Eiabc
Hawassa University,Hawassa University
Mekelle,Mekelle
School Of Commerce (Soc),School Of Commerce (Soc)
Unity,Unity
Albania,Albania
Armenia,Armenia
Austria,Austria
Azerbaijan,Azerbaijan
Belarus,Belarus
Belgium,Belgium
Bosnia And Herzegovina,Bosnia And Herzegovina
Bulgaria,Bulgaria
Croatia,Croatia
Czech Republic,Czech Republic
Denmark,Denmark
Estonia,Estonia
Finland,Finland
France,France
Georgia,Georgia
Germany,Germany
Greece,Greece
Hungary,Hungary
Iceland,Iceland
Ireland,Ireland
Italy,Italy
Kazakhstan,Kazakhstan
Kyrgyzstan,Kyrgyzstan
Latvia,Latvia
Lithuania,Lithuania
Malta,Malta
Moldova,Moldova
Montenegro,Montenegro
Norway,Norway
Poland,Poland
Portugal,Portugal
Republic Of Macedonia,Republic Of Macedonia
Romania,Romania
Russia,Russia
Serbia,Serbia
Slovakia,Slovakia
Slovenia,Slovenia
Spain,Spain
Sweden,Sweden
Switzerland,Switzerland
Tajikistan,Tajikistan
The Netherlands,The Netherlands
Turkey,Turkey
Ukraine,Ukraine
United Kingdom,United Kingdom
Aalto,Aalto
Haaga-Helia,Haaga-Helia
Helsinki,Helsinki
Jyväskylä,Jyväskylä
Oulu,Oulu
Saimaa,Saimaa
Tampere,Tampere
Turku,Turku
University Of Helsinki,University Of Helsinki
Bordeaux (Inseec) - Expansion,Bordeaux (Inseec) - Expansion
Bordeaux (Kedge),Bordeaux (Kedge)
Clermont-Ferrand,Clermont-Ferrand
Escp Europe Paris,Escp Europe Paris
ESSEC,ESSEC
Grenoble,Grenoble
It Sud Paris,It Sud Paris
Lille,Lille
Lyon,Lyon
Marseille,Marseille
Mc France,Mc France
Montpellier,Montpellier
Nantes,Nantes
Paris Dauphine,Paris Dauphine
Reims,Reims
Rennes - Expansion,Rennes - Expansion
Rouen - Expansion,Rouen - Expansion
Sciences Po Paris,Sciences Po Paris
Skema Nice,Skema Nice
Strasbourg,Strasbourg
Toulouse,Toulouse
Universités De Paris,Universités De Paris
AFRAM,AFRAM
UOB,UOB
Batumi,Batumi
KUTAISI,KUTAISI
Tbilisi,Tbilisi
The University Of Georgia,The University Of Georgia
Aachen,Aachen
Augsburg,Augsburg
Bayreuth,Bayreuth
Berlin Hu,Berlin Hu
Berlin Tu,Berlin Tu
Bielefeld,Bielefeld
Bochum,Bochum
Bonn,Bonn
Braunschweig,Braunschweig
Bremen,Bremen
Darmstadt,Darmstadt
Dresden,Dresden
Duesseldorf,Duesseldorf
Frankfurt (Main),Frankfurt (Main)
Freiburg,Freiburg
Giessen-Marburg,Giessen-Marburg
Goettingen,Goettingen
Halle,Halle
Hamburg,Hamburg
Hannover,Hannover
Heidelberg,Heidelberg
Jena,Jena
Kaiserslautern,Kaiserslautern
Karlsruhe,Karlsruhe
Kiel,Kiel
Kleve,Kleve
Koeln,Koeln
Leipzig,Leipzig
Lueneburg,Lueneburg
Magdeburg,Magdeburg
Mainz - Wiesbaden,Mainz - Wiesbaden
Mannheim,Mannheim
Muenchen,Muenchen
Muenster,Muenster
Nuernberg,Nuernberg
Paderborn,Paderborn
Passau,Passau
Regensburg,Regensburg
Stuttgart & Hohenheim,Stuttgart & Hohenheim
Wuerzburg,Wuerzburg
Central University,Central University
CUCG,CUCG
KNUST,KNUST
LEGON,LEGON
PUC,PUC
RMU,RMU
UCC,UCC
UCOMS,UCOMS
UDS,UDS
University of Mines and Technology,University of Mines and Technology
Athens,Athens
AUTH,AUTH
Crete,Crete
DUTH,DUTH
NKUA,NKUA
Piraeus ( Unipi),Piraeus ( Unipi)
University Of Aegean,University Of Aegean
University Of Patras,University Of Patras
UoI,UoI
Uom Thessaloniki,Uom Thessaloniki
Galileo,Galileo
UFM,UFM
UMG,UMG
URL,URL
USAC,USAC
UVG,UVG
CityU,CityU
CUHK,CUHK
HKBU,HKBU
HKU,HKU
HKUST,HKUST
Lingnan,Lingnan
PolyU,PolyU
Bme - Budapest,Bme - Budapest
Budapest University,Budapest University
Debrecen,Debrecen
Godollo,Godollo
Gyor,Gyor
Kulker - Budapest,Kulker - Budapest
Kvik - Budapest,Kvik - Budapest
Miskolc,Miskolc
Pex (Pécs),Pex (Pécs)
Pszf - Budapest,Pszf - Budapest
Szeged,Szeged
Veszprém,Veszprém
Reykjavik,Reykjavik
Ahmedabad,Ahmedabad
Bangalore,Bangalore
Baroda,Baroda
Bhubaneshwar,Bhubaneshwar
Chandigarh,Chandigarh
Chennai,Chennai
Dehradun,Dehradun
Delhi Iit,Delhi Iit
Delhi University,Delhi University
Hyderabad,Hyderabad
Iit Kharagpur,Iit Kharagpur
Indore,Indore
Ism Dhanbad,Ism Dhanbad
Jaipur,Jaipur
Jalandhar,Jalandhar
Jodhpur,Jodhpur
Kochi,Kochi
Kolkata,Kolkata
Lucknow,Lucknow
Ludhiana,Ludhiana
Manipal University,Manipal University
Mumbai,Mumbai
Mysore,Mysore
Nagpur,Nagpur
Navi Mumbai,Navi Mumbai
Patiala,Patiala
Pune,Pune
Surat,Surat
Udaipur,Udaipur
Vijayawada,Vijayawada
Visakhapatnam,Visakhapatnam
VIT,VIT
Bandung,Bandung
ESQ Business School,ESQ Business School
IPB,IPB
IPMI IBS,IPMI IBS
PMBS,PMBS
President University,President University
South Tangerang,South Tangerang
SURABAYA,SURABAYA
Trisakti,Trisakti
UGM,UGM
UI,UI
UIN SOTANG,UIN SOTANG
UKSW,UKSW
UMN,UMN
UNAND,UNAND
UNDIP,UNDIP
UNEJ,UNEJ
UNIBRAW,UNIBRAW
UNILA,UNILA
Universitas Hasanuddin,Universitas Hasanuddin
Universitas Tanjungpura,Universitas Tanjungpura
UNJ,UNJ
UNLAM,UNLAM
UNS,UNS
UNSOED,UNSOED
UNSRI,UNSRI
Untan,Untan
UPNVY,UPNVY
USU,USU
Ahvaz,Ahvaz
Allameh Tabatabaie' University,Allameh Tabatabaie' University
Amirkabir University,Amirkabir University
Isfahan,Isfahan
Kish Island (Expansion Initiative),Kish Island (Expansion Initiative)
Shiraz,Shiraz
Tabriz,Tabriz
University Of Tehran,University Of Tehran
Cork,Cork
DCU,DCU
Galway,Galway
Ireland (Other),Ireland (Other)
Limerick,Limerick
TCD,TCD
Trinity,Trinity
UCD,UCD
Ancona,Ancona
Bari,Bari
Bologna,Bologna
Brescia,Brescia
Catania,Catania
Cosenza,Cosenza
ENNA,ENNA
Expansion Initiative,Expansion Initiative
Ferrara,Ferrara
Firenze,Firenze
Genova,Genova
Lecce,Lecce
Milano UniMi,Milano UniMi
Napoli Federico Ii,Napoli Federico Ii
Napoli Parthenope,Napoli Parthenope
Novara,Novara
Padova,Padova
Palermo,Palermo
Pavia,Pavia
Pisa,Pisa
Roma Sapienza,Roma Sapienza
Roma Tor Vergata,Roma Tor Vergata
Roma Tre,Roma Tre
Torino,Torino
Trento,Trento
Trieste,Trieste
Venezia,Venezia
Verona,Verona
Aoyamagakuin University,Aoyamagakuin University
Chuo University(Ch),Chuo University(Ch)
Doshisha University,Doshisha University
Hiroshima,Hiroshima
Hitotsubashi University,Hitotsubashi University
Hokkaido,Hokkaido
KEIO SFC,KEIO SFC
Keio University,Keio University
Kobe University,Kobe University
Kwansei Gakuin University,Kwansei Gakuin University
Kyoto University,Kyoto University
Meiji University,Meiji University
Nagoya City University,Nagoya City University
Nagoya University,Nagoya University
Nanzan University,Nanzan University
Osaka City University,Osaka City University
Osaka University,Osaka University
Ritsumeikan Asia Pacific University,Ritsumeikan Asia Pacific University
Saint Paul'S University,Saint Paul'S University
Sendai,Sendai
Shiga University,Shiga University
Sophia University,Sophia University
The University Of Tokyo,The University Of Tokyo
University Of Tsukuba,University Of Tsukuba
Waseda University,Waseda University
AMMAN,AMMAN
IRBID,IRBID
Zarqa,Zarqa
AKTOBE,AKTOBE
Almaty,Almaty
ASTANA,ASTANA
EKTU,EKTU
URALSK,URALSK
CUEA,CUEA
DAYSTAR,DAYSTAR
Jkuat,Jkuat
KeMU,KeMU
Kenyatta University,Kenyatta University
MOI,MOI
Strathmore University,Strathmore University
UON,UON
Usiu-Africa,Usiu-Africa
X,X
CUK,CUK
DWU,DWU
EWHA,EWHA
HIU,HIU
HUFS,HUFS
IGC,IGC
INHA ME,INHA ME
KIT,KIT
KMU,KMU
KNU,KNU
PNU,PNU
SGU,SGU
SKKU,SKKU
"SMU, Korea","SMU, Korea"
SNU,SNU
SSU,SSU
SWU,SWU
YSU,YSU
AUK,AUK
GUST,GUST
KU,KU
PU,PU
Believe Act Create (BAC),Believe Act Create (BAC)
Bishkek Leaders Of Tomorrow (BLT),Bishkek Leaders Of Tomorrow (BLT)
East High Universities (EHU),East High Universities (EHU)
Impulse For Future Leaders (IFL),Impulse For Future Leaders (IFL)
LC Osh,LC Osh
LAO TOP COLLEGE,LAO TOP COLLEGE
Vientiane,Vientiane
Riga,Riga
Valmiera,Valmiera
American University Of Beirut (Aub),American University Of Beirut (Aub)
Byblos,Byblos
LAU,LAU
Mc Lebanon,Mc Lebanon
University of Balamand,University of Balamand
USJ,USJ
AME University,AME University
Cuttington,Cuttington
Stella Maris Polytechnic,Stella Maris Polytechnic
United Methodist University,United Methodist University
University of Liberia,University of Liberia
Kaunas,Kaunas
Kaunas University Of Technology,Kaunas University Of Technology
Lithuania (Mc),Lithuania (Mc)
Siauliai,Siauliai
Vilnius,Vilnius
Vilnius Ism,Vilnius Ism
Exploit,Exploit
Luanar,Luanar
Curtin University Sarawak Campus (CU),Curtin University Sarawak Campus (CU)
Johor Bahru,Johor Bahru
Kedah-Perlis,Kedah-Perlis
Kuching,Kuching
Penang,Penang
"Sunway (LC Sunway), Petaling Jaya","Sunway (LC Sunway), Petaling Jaya"
"Taylor'S University (TU) , Subang Jaya","Taylor'S University (TU) , Subang Jaya"
"The University Of Nottingham, Malaysia Campus (UNMC)","The University Of Nottingham, Malaysia Campus (UNMC)"
"Universiti Kebangsaan Malaysia (UKM) , Malaysia","Universiti Kebangsaan Malaysia (UKM) , Malaysia"
"Universiti Malaysia Pahang (UMP) , Pahang","Universiti Malaysia Pahang (UMP) , Pahang"
"Universiti Putra Malaysia (UPM) , Serdang","Universiti Putra Malaysia (UPM) , Serdang"
"Universiti Teknologi Petronas (UTP), Perak","Universiti Teknologi Petronas (UTP), Perak"
"Universiti Tunku Abdul Rahman (Utar), Kampar Perak","Universiti Tunku Abdul Rahman (Utar), Kampar Perak"
"University Of Malaya (UM), Kuala Lumpur","University Of Malaya (UM), Kuala Lumpur"
University Of Malta,University Of Malta
Aiesec E*U,Aiesec E*U
Charles Telfair Institute,Charles Telfair Institute
Middlesex,Middlesex
Port-Louis,Port-Louis
Reduit,Reduit
Aguascalientes,Aguascalientes
Celaya,Celaya
Chihuahua,Chihuahua
Ciudad Juarez,Ciudad Juarez
Ciudad Victoria,Ciudad Victoria
Cuernavaca,Cuernavaca
Guadalajara,Guadalajara
Guanajuato,Guanajuato
Hermosillo,Hermosillo
IPN,IPN
Irapuato,Irapuato
ITAM,ITAM
ITESM CEM,ITESM CEM
Itesm Monterrey,Itesm Monterrey
Itesm Santa Fe,Itesm Santa Fe
ITESM Toluca,ITESM Toluca
La Laguna,La Laguna
Leon,Leon
"Merida, Yucatan","Merida, Yucatan"
Michoacan,Michoacan
Oaxaca,Oaxaca
Puebla,Puebla
Queretaro,Queretaro
Sinaloa,Sinaloa
Tabasco,Tabasco
Tampico,Tampico
Uaemex,Uaemex
UDEM,UDEM
ULSA,ULSA
UNAM,UNAM
UP,UP
Veracruz,Veracruz
Zacatecas,Zacatecas
Algeria,Algeria
Bahrain,Bahrain
Benin,Benin
Botswana,Botswana
Burkina Faso,Burkina Faso
Cameroon,Cameroon
Cape Verde,Cape Verde
Cote D'Ivoire,Cote D'Ivoire
Egypt,Egypt
Ethiopia,Ethiopia
Gabon,Gabon
Ghana,Ghana
Jordan,Jordan
Kenya,Kenya
Kuwait,Kuwait
Lebanon,Lebanon
Liberia,Liberia
Malawi,Malawi
Mauritius,Mauritius
Morocco,Morocco
Mozambique,Mozambique
Namibia,Namibia
Nigeria,Nigeria
Oman,Oman
Qatar,Qatar
Rwanda,Rwanda
Senegal,Senegal
Seychelles,Seychelles
South Africa,South Africa
Tanzania,Tanzania
Togo,Togo
Tunisia,Tunisia
Uganda,Uganda
United Arab Emirates,United Arab Emirates
Balti,Balti
Cahul,Cahul
Chisinau,Chisinau
MNUMS,MNUMS
MUST,MUST
NUM,NUM
UFE,UFE
Podgorica,Podgorica
Agadir,Agadir
Beni Mellal,Beni Mellal
Casablanca,Casablanca
El Jadida,El Jadida
Fez,Fez
Ifrane,Ifrane
Marrakech,Marrakech
Mohammedia,Mohammedia
Morocco (Mc),Morocco (Mc)
Oujda,Oujda
Rabat,Rabat
Tangier,Tangier
Beira,Beira
Gaza,Gaza
Isctem,Isctem
Nampula,Nampula
Uem,Uem
NMDC,NMDC
Yangon,Yangon
Yangon For Eps,Yangon For Eps
IUM,IUM
NUST,NUST
Ongwediva,Ongwediva
University Of Namibia,University Of Namibia
Walvis Bay,Walvis Bay
Kathmandu,Kathmandu
Kathmandu University,Kathmandu University
Lumbini,Lumbini
Auckland City,Auckland City
"Canterbury, Christchurch","Canterbury, Christchurch"
Otago,Otago
"Victoria, Wellington","Victoria, Wellington"
"Waikato, Hamilton","Waikato, Hamilton"
Central (Nicaragua),Central (Nicaragua)
Leon (Nicaragua),Leon (Nicaragua)
San Marcos (Nicaragua),San Marcos (Nicaragua)
Tegucigalpa (Honduras),Tegucigalpa (Honduras)
UCA (Nicaragua),UCA (Nicaragua)
Abeokuta,Abeokuta
Abuja,Abuja
AKURE,AKURE
Babcock University,Babcock University
BENIN LC,BENIN LC
Benue,Benue
Calabar,Calabar
ENUGU,ENUGU
Ibadan,Ibadan
IFE,IFE
Ilorin,Ilorin
Jamaica (Invalid),Jamaica (Invalid)
Jos,Jos
Kano,Kano
Lagos,Lagos
NG,NG
Port Harcourt,Port Harcourt
Zaria,Zaria
BI,BI
NHH,NHH
Stavanger,Stavanger
Tromso,Tromso
Trondheim,Trondheim
University Of Bergen,University Of Bergen
University Of Oslo,University Of Oslo
CBFS,CBFS
Downtown,Downtown
Majan University,Majan University
MEC,MEC
Muscat,Muscat
Sohar University,Sohar University
Waha,Waha
Faisalabad,Faisalabad
GIKI,GIKI
Hyderabad (Pakistan),Hyderabad (Pakistan)
IBA,IBA
Islamabad,Islamabad
Karachi,Karachi
Lahore,Lahore
Multan,Multan
ISTMO,ISTMO
"UP, Panama","UP, Panama"
USMA,USMA
UTP,UTP
VERAGUAS,VERAGUAS
Uc (Asunción),Uc (Asunción)
Una (Asunción),Una (Asunción)
Uninorte (Expansion Since July),Uninorte (Expansion Since July)
Arequipa,Arequipa
Cajamarca,Cajamarca
Chiclayo,Chiclayo
Cusco,Cusco
Huancayo,Huancayo
Ica,Ica
LIMA,LIMA
Pacifico,Pacifico
PIURA,PIURA
San Marcos,San Marcos
Tacna,Tacna
Trujillo,Trujillo
UDEP,UDEP
Universidad Catolica - Peru,Universidad Catolica - Peru
Universidad Ricardo Palma,Universidad Ricardo Palma
Universidad San Marcos,Universidad San Marcos
Universidad San Martin de Porres,Universidad San Martin de Porres
Ateneo De Manila University,Ateneo De Manila University
Cebu,Cebu
Davao,Davao
De La Salle - College of St. Benilde,De La Salle - College of St. Benilde
De La Salle University,De La Salle University
De La Salle University - Dasmariñas,De La Salle University - Dasmariñas
De La Salle University - Manila,De La Salle University - Manila
Far Eastern University,Far Eastern University
Miriam College,Miriam College
Polytechnic University of the Philippines,Polytechnic University of the Philippines
San Beda- Mendiola,San Beda- Mendiola
The Philippines,The Philippines
University Of Santo Tomas,University Of Santo Tomas
University of the Philippines - Clark,University of the Philippines - Clark
University Of The Philippines - Diliman,University Of The Philippines - Diliman
University of the Philippines - Los Baños,University of the Philippines - Los Baños
University Of The Philippines - Manila,University Of The Philippines - Manila
Bialystok,Bialystok
Gdansk Ug,Gdansk Ug
Katowice Ue,Katowice Ue
Kielce,Kielce
Krakow,Krakow
Lodz,Lodz
Lublin Umcs,Lublin Umcs
Nowy Sacz,Nowy Sacz
Olsztyn,Olsztyn
Pozna?,Pozna?
Rzeszów,Rzeszów
Szczecin,Szczecin
Torun Umk,Torun Umk
Warsaw Universities,Warsaw Universities
Warszawa Sgh,Warszawa Sgh
Wroclaw Ue,Wroclaw Ue
Wroclaw Ut,Wroclaw Ut
Acores,Acores
Aveiro,Aveiro
Coimbra Nefe,Coimbra Nefe
Covilha Ubi,Covilha Ubi
Lisboa Catolica,Lisboa Catolica
Lisboa Iscte,Lisboa Iscte
Lisboa Iseg,Lisboa Iseg
Lisboa Nova,Lisboa Nova
Minho,Minho
Porto Fep,Porto Fep
UMINHO,UMINHO
Vila Real,Vila Real
Viseu,Viseu
Humacao,Humacao
Mayaguez,Mayaguez
Río Piedras,Río Piedras
Sagrado Corazón,Sagrado Corazón
Qatar Foundation,Qatar Foundation
Qatar University,Qatar University
Prilep,Prilep
Skopje,Skopje
Su Stip,Su Stip
Arad,Arad
Brasov,Brasov
Bucuresti,Bucuresti
Cluj-Napoca,Cluj-Napoca
Constanta,Constanta
Craiova,Craiova
Galati,Galati
Iasi,Iasi
Oradea,Oradea
Pitesti,Pitesti
Sibiu,Sibiu
Suceava,Suceava
Timisoara,Timisoara
Tîrgu-Mure?,Tîrgu-Mure?
University Of Bucharest,University Of Bucharest
Arkhangelsk,Arkhangelsk
Chelyabinsk,Chelyabinsk
Ekaterinburg,Ekaterinburg
Elista,Elista
"Engec-Guap, Saint-Petersburg","Engec-Guap, Saint-Petersburg"
IRKUTSK,IRKUTSK
Ivanovo,Ivanovo
Izhevsk,Izhevsk
Kaliningrad,Kaliningrad
Kazan,Kazan
Kemerovo,Kemerovo
Krasnodar,Krasnodar
Krasnoyarsk,Krasnoyarsk
Moscow,Moscow
MSU (Moscow),MSU (Moscow)
Nizhny Novgorod,Nizhny Novgorod
NSTU,NSTU
Omsk,Omsk
Orenburg,Orenburg
Rostov-On-Don,Rostov-On-Don
Samara,Samara
Saratov,Saratov
"Spuef, Saint-Petersburg","Spuef, Saint-Petersburg"
Togliatti,Togliatti
Tomsk,Tomsk
Ufa,Ufa
Ulan-Ude,Ulan-Ude
Vladivostok,Vladivostok
Voronezh,Voronezh
CBE,CBE
CST,CST
HUYE,HUYE
Kigali,Kigali
Musanze,Musanze
CESAG,CESAG
CHEIKH ANTA DIOP,CHEIKH ANTA DIOP
ENSUP,ENSUP
Belgrade Faculty Of Economics (Ef),Belgrade Faculty Of Economics (Ef)
Belgrade Fon,Belgrade Fon
Bg,Bg
Kragujevac,Kragujevac
Metropolitan,Metropolitan
NIS,NIS
Novi Pazar,Novi Pazar
Novi Sad,Novi Sad
Singidunum,Singidunum
VALJEVO,VALJEVO
La Digue,La Digue
Praslin,Praslin
"SITE, Seychelles","SITE, Seychelles"
NTU,NTU
NUS,NUS
SIM,SIM
SMU,SMU
Banska Bystrica,Banska Bystrica
Bratislava,Bratislava
Comenius University,Comenius University
Kosice,Kosice
Nitra,Nitra
Prešov,Prešov
Slovak Technical University,Slovak Technical University
Trnava,Trnava
Zilina University,Zilina University
Koper-Su,Koper-Su
Kranj - Su,Kranj - Su
Ljubljana,Ljubljana
Maribor,Maribor
FW,FW
GDL,GDL
Monash South Africa,Monash South Africa
Nelson Mandela Metropolitian University,Nelson Mandela Metropolitian University
TRC,TRC
University Of Cape Town,University Of Cape Town
University Of Johannesburg,University Of Johannesburg
University Of Pretoria,University Of Pretoria
Witwatersrand (Wits),Witwatersrand (Wits)
Alicante,Alicante
Bellaterra Barcelona,Bellaterra Barcelona
Blanquerna Barcelona,Blanquerna Barcelona
Galicia,Galicia
Granada,Granada
IE,IE
IQS,IQS
IQS Barcelona,IQS Barcelona
Madrid,Madrid
Malaga,Malaga
Pompeu Fabra Barcelona,Pompeu Fabra Barcelona
Santiago De Compostela,Santiago De Compostela
Sevilla,Sevilla
URL Barcelona,URL Barcelona
Valencia,Valencia
Zaragoza,Zaragoza
Colombo Central,Colombo Central
Colombo North,Colombo North
Colombo South,Colombo South
Expansions,Expansions
Jayewardenapura,Jayewardenapura
Kandy,Kandy
SLIIT,SLIIT
Gothenburg,Gothenburg
Jönköping,Jönköping
Linkoping,Linkoping
LUND,LUND
SSE,SSE
Stockholm,Stockholm
UMEA,UMEA
UPPSALA,UPPSALA
Basel,Basel
Bern,Bern
Fribourg,Fribourg
Geneva,Geneva
Lausanne,Lausanne
Lugano,Lugano
Luzern,Luzern
St Gallen,St Gallen
Zurich,Zurich
Taiwan CCU,Taiwan CCU
Taiwan FCU,Taiwan FCU
Taiwan FJU,Taiwan FJU
Taiwan MCU,Taiwan MCU
Taiwan NCCU,Taiwan NCCU
Taiwan NCHU,Taiwan NCHU
Taiwan NCKU,Taiwan NCKU
Taiwan NCTU,Taiwan NCTU
Taiwan NCU,Taiwan NCU
Taiwan NSYSU,Taiwan NSYSU
Taiwan NTHU,Taiwan NTHU
Taiwan NTPU,Taiwan NTPU
Taiwan NTU,Taiwan NTU
Taiwan SCU,Taiwan SCU
Taiwan THU,Taiwan THU
Taiwan TKU,Taiwan TKU
Taiwan WZU,Taiwan WZU
Taiwan YZU,Taiwan YZU
Dushanbe,Dushanbe
IFM,IFM
Kilimanjaro,Kilimanjaro
Makumira University,Makumira University
Mc Tanzania,Mc Tanzania
MZUMBE,MZUMBE
SAUT,SAUT
UDOM,UDOM
University Of Dar Es Salaam(UDSM),University Of Dar Es Salaam(UDSM)
Assumption University,Assumption University
Bangkok University,Bangkok University
Chiang Mai University,Chiang Mai University
Chulalongkorn University,Chulalongkorn University
Kasetsart University,Kasetsart University
Love University,Love University
Mahidol University,Mahidol University
Official Expansion Thailand,Official Expansion Thailand
Rajamangala University Of Technology Isan(Rmuti),Rajamangala University Of Technology Isan(Rmuti)
Ramkhamhaeng University,Ramkhamhaeng University
Silpakorn University,Silpakorn University
Thai-Nichi Institute Of Technology,Thai-Nichi Institute Of Technology
Thammasat University,Thammasat University
University Of The Thai Chamber Of Commerce,University Of The Thai Chamber Of Commerce
Very Love University,Very Love University
Amsterdam,Amsterdam
Delft,Delft
Groningen,Groningen
Leiden,Leiden
Maastricht,Maastricht
Nijmegen,Nijmegen
Rotterdam,Rotterdam
Tilburg,Tilburg
Twente,Twente
Utrecht,Utrecht
Wageningen,Wageningen
Universite De Kara,Universite De Kara
Université De Lomé,Université De Lomé
Bardo,Bardo
Bizerte,Bizerte
Carthage,Carthage
Hadrumet,Hadrumet
Medina,Medina
Nabel,Nabel
Ruspina,Ruspina
Sfax,Sfax
Tacapes,Tacapes
Thyna,Thyna
University,University
Adana,Adana
Aiesec Turkey,Aiesec Turkey
Ankara,Ankara
Antalya,Antalya
Bursa,Bursa
Denizli,Denizli
Eastern Mediterranean,Eastern Mediterranean
Eskisehir,Eskisehir
Gaziantep,Gaziantep
Istanbul,Istanbul
Istanbul Asia,Istanbul Asia
Izmir,Izmir
Kocaeli,Kocaeli
Trabzon,Trabzon
Kyambogo,Kyambogo
Makerere University Kampala,Makerere University Kampala
Mc,Mc
Mubs,Mubs
Muk,Muk
Ndejje,Ndejje
Ucu,Ucu
Umu,Umu
Berdyansk,Berdyansk
Chernivtsi,Chernivtsi
Dnipropetrovsk,Dnipropetrovsk
Ivano-Frankivsk,Ivano-Frankivsk
Kharkiv,Kharkiv
Khmelnytsky,Khmelnytsky
Kryvyi Rih,Kryvyi Rih
Kyiv,Kyiv
Lutsk,Lutsk
Lviv,Lviv
Mariupol,Mariupol
Odesa,Odesa
Other Cities,Other Cities
Sumy,Sumy
Ternopil,Ternopil
Uzhgorod,Uzhgorod
Vinnytsia,Vinnytsia
Zaporizhzhya,Zaporizhzhya
Zhytomyr,Zhytomyr
Dubai,Dubai
Sharjah,Sharjah
Aberdeen,Aberdeen
Aston,Aston
Birmingham,Birmingham
Bristol,Bristol
Cardiff,Cardiff
City,City
Durham,Durham
Edinburgh,Edinburgh
Leeds,Leeds
LSE,LSE
Manchester,Manchester
Newcastle,Newcastle
Nottingham,Nottingham
Queen Mary,Queen Mary
Sheffield,Sheffield
Southampton,Southampton
Strathclyde,Strathclyde
Sussex,Sussex
UCL,UCL
Warwick,Warwick
Appalachian,Appalachian
Arizona State,Arizona State
Austin,Austin
Boston,Boston
Chapel Hill,Chapel Hill
Colorado,Colorado
Cornell,Cornell
Dallas,Dallas
Davis,Davis
Denver,Denver
Eau Claire,Eau Claire
Georgia (Uga),Georgia (Uga)
Georgia Tech,Georgia Tech
Houston,Houston
Illinois,Illinois
Indiana,Indiana
Lexi,Lexi
Madison,Madison
Maryland,Maryland
Miami Florida,Miami Florida
Miami Ohio,Miami Ohio
Michigan,Michigan
Milwaukee,Milwaukee
Minnesota,Minnesota
Missouri,Missouri
New York City,New York City
Nolc3,Nolc3
Nolc4,Nolc4
Northwestern,Northwestern
Ohio State,Ohio State
Philadelphia,Philadelphia
San Diego,San Diego
San Jose,San Jose
San Luis Obispo,San Luis Obispo
Seattle,Seattle
St. Edwards,St. Edwards
Texas A&M,Texas A&M
University of California Los Angeles (UCLA),University of California Los Angeles (UCLA)
University Of Southern California,University Of Southern California
Virginia,Virginia
Washington Dc,Washington Dc
Yale,Yale
Montevideo,Montevideo
MVD,MVD
O.R.T.,O.R.T.
Barquisimeto,Barquisimeto
Carabobo,Carabobo
Guayana,Guayana
Maracaibo,Maracaibo
Merida,Merida
San Cristóbal,San Cristóbal
UCAB,UCAB
UCV,UCV
USB,USB
Danang,Danang
FTU Hanoi,FTU Hanoi
FTU Ho Chi Minh,FTU Ho Chi Minh
Hanoi,Hanoi
Ho Chi Minh City,Ho Chi Minh City
NEU,NEU
Rmit Vietnam,Rmit Vietnam
YAKUTSK,IRKUTSK
Michigan State (CLOSED),Michigan
Sciences Po Reims,Sciences Po Paris
Mahe (and Other),Seychelles
Expansions Korea,Korea
KIROVOGRAD,Other Cities
Blagoevgrad,Expansion At Blagoevgrad
UC (Asunción) [Expansion since February 2017],Uc (Asunción)
Valladolid,Valladolid
Curtin University,Curtin
Virtual Expansions MX,Mexico
Expansiones Ecuador,Expansiones
Bordeaux (INSEEC),Bordeaux (Inseec) - Expansion
MC Chile,Chile
Andorra La Vella,Andorra
SLIIT - Expansion,SLIIT
UNLaM (Argentina),UNLaM (Argentina)
